Title,Date
Hồ Ngọc Hà - Kim Lý sắp tổ chức đám cưới?,2025-05-22T01:01:00
"Hồ Ngọc Hà từng chia sẻ bí kíp để toát lên chất ""sang, xịn, mịn"", tiết lộ luôn 1 câu về con cái mà ai nấy xin vía",2025-05-19T14:37:00
"Hồ Ngọc Hà đầu tư cho hai bé sinh đôi chơi bộ môn mang lại vô vàn lợi ích, chi phí ""hợp lý"" đến bất ngờ",2025-05-12T19:07:00
"Không còn ở ngưỡng ""không làm gì cũng đẹp"", Hồ Ngọc Hà tự nhủ tuổi 40 phải làm đều 2 việc mỗi ngày để vóc dáng vẫn đẹp như tạc",2025-05-10T07:37:00
Con trai Hồ Ngọc Hà nhỏ xíu đã được bố mẹ cho rèn môn này: Cực tiết kiệm nhưng hiệu quả 3 trong 1,2025-05-07T19:01:00
"Hồ Ngọc Hà nói đúng 3 từ với Hương Giang, netizen lập tức dậy sóng",2025-05-05T20:50:00
Nhìn hình ảnh này mới hiểu vì sao Subeo tâm sự với Kim Lý nhiều hơn cả Hồ Ngọc Hà,2025-05-03T22:05:00
"Hồ Ngọc Hà “hét giá” cát-xê tiền tỷ, Noo Phước Thịnh chỉ biết cười trừ",2025-05-01T08:32:00
"Chung khung hình cùng Hồ Ngọc Hà, Doãn Hải My bị dân mạng soi ""góc kém xinh"", visual không còn đỉnh như ảnh tự đăng",2025-04-26T09:30:00
"Hồ Ngọc Hà: ""Tôi không chọn trở thành nữ hoàng giải trí""",2025-04-25T16:35:00
"Hồ Ngọc Hà tiết lộ lý do làm giám khảo show âm nhạc mới, gán vai ác cho Trúc Nhân vì...",2025-04-25T10:06:00
"Nàng WAG Doãn Hải My đọ sắc cùng Hồ Ngọc Hà: Tiểu thư Hà thành khí chất và nữ hoàng giải trí, ai đẹp hơn?",2025-04-23T09:30:00
"Lisa được gọi là ""Hồ Ngọc Hà phiên bản mini"", một đặc điểm được thừa hưởng từ mẹ khiến ai cũng khen đẹp",2025-04-13T23:59:00
"Ồn ào giữa Hồ Ngọc Hà - Minh Hằng, vì sao 8 năm qua vẫn ""nóng""?",2025-01-25T20:24:00
Chuyện gì xảy ra giữa Hồ Ngọc Hà và Minh Hằng?,2025-01-24T21:29:00
"HOT: Minh Hằng chính thức lên tiếng ồn ào tái hợp với Hồ Ngọc Hà: ""Em không sai, chị cũng không sai""",2025-01-24T18:13:00
"Giữa ồn ào với Minh Hằng, Hồ Ngọc Hà: ""Tôi không đi gây sự và cũng không làm lành với ai""",2025-01-23T12:36:00
"Viral nhất MXH: Trấn Thành nói 1 câu về Minh Hằng làm Hồ Ngọc Hà ""sượng trân đứng hình""",2025-01-23T00:12:00
Hành trình thay đổi nhan sắc kinh ngạc của Hồ Ngọc Hà: Nhìn lại ảnh quá khứ 20 năm trước thấy quyết định thẩm mỹ thật đúng đắn!,2025-01-21T07:18:00
"tlinh nhớ về sân khấu WeChoice Awards 1 năm trước với Hồ Ngọc Hà, nói gì khi được kì vọng là ""nữ hoàng giải trí""?",2025-01-10T10:34:00
"Những phiên livestream hot bậc nhất năm 2024, từ Trấn Thành đến Hồ Ngọc Hà... làm dậy sóng dân săn deal",2025-01-09T14:54:00
"Hồ Ngọc Hà tiết lộ Subeo rất khép kín, nhưng mỗi lần xuất hiện lại khiến dân mạng ""wow"" vì điều này",2025-01-03T11:33:00
"Làn da chưa son phấn của Hồ Ngọc Hà đến gái đôi mươi cũng phải ghen tỵ: Bí mật chăm da không tì vết khiến nhiều người thốt lên ""quá xứng đáng""!",2024-12-26T00:22:00
Linh Rin và Hồ Ngọc Hà đọ nhan sắc đời thường khi chung khung hình,2024-12-16T22:00:00
"Nhiều người tinh ý nhận ra món đồ Hồ Ngọc Hà sắm cho các con: Rất cần khi học tập, giá lại không quá đắt!",2024-12-13T21:11:00
Bắt gặp Hồ Ngọc Hà bán khoai giữa ngã ba đường,2024-12-13T13:05:00
Hồ Ngọc Hà vẫn ở đỉnh cao sự nghiệp sau 20 năm ca hát,2024-12-13T12:00:00
Điều vợ chồng Hồ Ngọc Hà và Kim Lý luôn ưu tiên khi nuôi dạy cặp sinh đôi,2024-12-11T19:01:00
"Hồ Ngọc Hà: ""Mệt mỏi lắm mới kiếm được 300 ngàn""",2024-12-11T16:03:00
"Hồ Ngọc Hà mặc váy ngắn ngọt ngào mà sang, dáng đẹp mê",2024-12-06T06:30:00
"Hồ Ngọc Hà: ""Tôi và anh Cường khó nói chuyện với Subeo""",2024-12-02T20:00:00
Hồ Ngọc Hà tiết lộ một nam ca sĩ từng bế cô trên tay,2024-12-02T16:03:00
Lý do Hồ Ngọc Hà được Kim Lý cầu hôn 4 năm nhưng vẫn chưa tổ chức đám cưới,2024-12-02T12:01:00
"Hồ Ngọc Hà: ""Có người thích hoặc không thích tôi, nhưng rất ít người nói tôi sến""",2024-12-02T00:08:00
"Hồ Ngọc Hà lấn át dàn sao quốc tế, có lép vế trước Lisa (BLACKPINK)?",2024-11-30T16:19:00
Hồ Ngọc Hà chuộng đồ xuyên thấu,2024-11-30T10:05:00
"NSND Thanh Lam chạm mặt Hồ Ngọc Hà: ""Bây giờ tôi coi ai cũng là đối thủ""",2024-11-29T22:02:00
Hôn nhân ngọt ngào của Hồ Ngọc Hà và Kim Lý,2024-11-26T18:20:00
"Kim Lý sướt mướt đăng tâm thư, Hồ Ngọc Hà liền nghi ngờ 1 điều!",2024-11-25T18:02:00
"Bị hỏi chuyện hàn gắn mối quan hệ cũ từng đổ vỡ, Hồ Ngọc Hà nói đúng 4 chữ gây xôn xao",2024-11-22T18:31:00
"Hồ Ngọc Hà: ""Đã có những lúc bế tắc không biết làm gì""",2024-11-22T10:09:00
Hiếm có MV nào được Hồ Ngọc Hà giấu kỹ như Cây Đèn Thần,2024-11-15T09:00:00
"Hồ Ngọc Hà: ""Đi ra nước ngoài làm gì? Ở nước ngoài không đơn giản đâu""",2024-11-06T19:43:00
"Hồ Ngọc Hà viết vài dòng chúc mừng sinh nhật con, dân tình soi 1 câu mà bất ngờ: Không phải ai cũng dạy con lưu ý điều này",2024-11-06T07:30:00
Hồ Ngọc Hà mặc áo phông trắng đẹp suốt 4 mùa,2024-11-02T23:59:00
Hồ Ngọc Hà khóc khi chia sẻ với bé trai mồ côi,2024-11-01T12:01:00
Hồ Ngọc Hà khiến mọi chị em ngưỡng mộ vì được Kim Lý làm điều này,2024-10-26T22:36:00
"10 set đồ ngắn tuyệt đẹp của Hồ Ngọc Hà, cảm hứng thời trang cho phụ nữ 40+ chính là đây",2024-10-23T21:30:00
Hồ Ngọc Hà trả lời khi bị chê mặc phản cảm,2024-10-21T21:44:00
"Hồ Ngọc Hà lộ thủ thuật “hát nhép kiểu Lisa” tại concert Anh Trai Vượt Ngàn Chông Gai, có 1 điểm trừ gây tranh cãi",2024-10-20T19:36:00
Đoạn đối đáp vỏn vẹn vài dòng về chuyện mua giày của Hồ Ngọc Hà và con gái Lisa khiến ai nấy thốt lên: Dạy con sao đỉnh quá!,2024-10-20T11:43:00
"Vì sao Hồ Ngọc Hà cho trẻ em vùng cao ăn gà rán, xúc xích nhưng vẫn là “đại tiệc”?",2024-10-17T11:00:00
Hồ Ngọc Hà đặt mục tiêu con gái biết đọc - viết khi lên 4 tuổi,2024-10-15T08:31:00
"Hồ Ngọc Hà trẻ đẹp hơn so với tuổi 40 nhờ hàng năm đều đặn làm 1 việc, BS da liễu hết lời khen ngợi",2024-10-15T07:02:00
"Hồ Ngọc Hà giữ dáng thon gọn, quyến rũ bất chấp thời gian nhờ chăm làm 1 việc trong suốt 15 năm qua: Ai cũng dễ dàng áp dụng, lại không tốn kém",2024-10-14T07:54:00
"Hồ Ngọc Hà dáng thon thả, da căng bóng nhờ chăm ăn 1 loại quả giàu omega-3 chợ Việt luôn sẵn",2024-10-12T07:02:00
Con gái Hồ Ngọc Hà sớm bộc lộ năng khiếu thừa hưởng từ mẹ,2024-10-10T17:31:00
Cú lừa của Hồ Ngọc Hà,2024-10-08T21:28:00
"Đức Trí: ""Tôi và Hồ Ngọc Hà có đứa con chung""",2024-10-06T20:31:00
Cái giá phải trả của Hồ Ngọc Hà khi chia tay với Đức Trí,2024-10-06T11:53:00
"Mặt mộc của Hồ Ngọc Hà, Văn Mai Hương",2024-09-30T21:05:00
"Clip Hương Giang ""xuống nước"" làm hòa Hồ Ngọc Hà sau màn dàn xếp ẩn ý phỏng vấn chung với Lệ Quyên",2024-09-28T20:30:00
Lý do Hồ Ngọc Hà không còn đăng nhiều về hai con Lisa - Leon lên mạng xã hội,2024-09-27T10:40:00
"Nữ diễn viên đọ sắc cùng Hồ Ngọc Hà: Là ""Gucci sống"" với thời trang thảm đỏ đẹp mãn nhãn, street style lại đơn giản",2024-09-24T16:00:00
Không biết nên vui hay buồn: Hồ Ngọc Hà được CEO BVLGARI đăng hình nhưng fan đố dám chia sẻ lại,2024-09-21T22:06:00
"Mừng rỡ vì nói mãi con trai cũng chịu thay đổi thói quen này, chi tiết nhỏ chứng minh Hồ Ngọc Hà quá tinh tế",2024-09-16T20:03:00
"Lệ Quyên nói gì sau khi ""gây bão"" truyền hình vì đụng mặt Hồ Ngọc Hà?",2024-09-16T09:32:00
"Bàn luận chuyện Hồ Ngọc Hà, Lệ Quyên được phỏng vấn cùng lúc khi đi xem hoa hậu",2024-09-15T14:05:00
Video phản ứng của Hồ Ngọc Hà khi Lệ Quyên chiếm sóng tại Miss Universe Vietnam,2024-09-15T10:33:00
"Hồ Ngọc Hà lộ diện hậu hủy show, cùng Lệ Quyên xuất hiện tại chung kết Miss Universe Vietnam 2024",2024-09-15T05:57:00
"Cặp sinh đôi gần 4 tuổi luôn tự giác ngồi học nghiêm túc, Hồ Ngọc Hà được nể phục vì cách dạy con",2024-09-14T14:02:00
Hồ Ngọc Hà rút khỏi chung kết Miss Universe Vietnam trước 1 ngày,2024-09-13T20:33:00
"Hồ Ngọc Hà ""dằn mặt"" Hương Giang?",2024-09-10T19:33:00
"Hồ Ngọc Hà dành toàn bộ doanh thu MV mới để trao tặng, giúp đỡ khắc phục hậu quả sau bão Yagi tại miền Bắc",2024-09-09T22:15:00
"Hồ Ngọc Hà chia sẻ thói quen, nhiều người đọc xong bất ngờ: Lisa, Leon lớn lên chắc học giỏi lắm!",2024-09-09T16:59:00
"Hồ Ngọc Hà ""cười lăn"" khi đọc báo cáo học tập của cậu nhóc Leon",2024-09-06T06:03:00
"Hồ Ngọc Hà tiết lộ thói quen của cặp sinh đôi Lisa - Leon, ai nhìn cũng khen bố mẹ khéo dạy",2024-09-03T15:07:00
Câu trả lời của học trò Hồ Ngọc Hà sau thất bại ê chề trên sóng truyền hình,2024-09-01T14:37:00
"Sướng như Hồ Ngọc Hà: Chỉ việc nằm hưởng thụ, ông xã Kim Lý và các con chăm sóc tận nơi như bà hoàng",2024-08-28T16:29:00
Hồ Ngọc Hà: Tập thể dục xong chạy show luôn,2024-08-27T11:34:00
"Hồ Ngọc Hà đăng đàn ẩn ý, Lệ Quyên: ""Tử tế lên""",2024-08-27T09:18:00
"Mai Ngô ""đè bẹp"" học trò cưng của Hồ Ngọc Hà",2024-08-27T07:04:00
"10 cách mặc quần ống rộng sang như Hồ Ngọc Hà, phụ nữ trên 40 tuổi nên tham khảo",2024-08-26T18:29:00
Biểu cảm khó đỡ của Hồ Ngọc Hà khi nghe tới tên Lệ Quyên,2024-08-26T00:03:00
"Hồ Ngọc Hà: ""Tôi không mê trai đẹp, nhìn lại quá khứ là biết mà!""",2024-08-17T16:00:00
Sở hữu khối tài sản kếch xù nhưng vợ chồng Hồ Ngọc Hà - Kim Lý vẫn giữ thói quen bình dân này,2024-08-12T14:04:00
"Con gái cùng bị chê nhan sắc, phản ứng của Hồ Ngọc Hà, Trang Trần và Phan Hiển đều được khen: EQ cao còn dạy con khéo",2024-08-11T10:13:00
Hồ Ngọc Hà: Chuyện hát show nào hay hơn hay dở hơn không có trong từ điển của tôi,2024-08-09T11:18:00
"Hồ Ngọc Hà run khi phát hiện bị Hương Giang ""gài kèo""",2024-08-08T19:46:00
"NSƯT Thành Lộc nói thẳng: ""Tôi không thích danh xưng Nữ hoàng giải trí của Hồ Ngọc Hà""",2024-08-03T22:02:00
Thanh Hằng né mặt Hồ Ngọc Hà vì drama với Hoàng Thuỳ?,2024-08-01T19:32:00
Dream team toàn nữ thần của Hồ Ngọc Hà ở The Face 8 năm trước giờ ra sao?,2024-08-01T16:00:00
"Hồ Ngọc Hà: ""Kiếp trước tôi lì lợm nói điều khó nghe nên kiếp này ráng chịu lời khó nghe""",2024-07-31T17:30:00
"Cặp đôi đồng tính nữ kể chuyện bên nhau bao năm không ai biết, một lần xem show Hồ Ngọc Hà cả nước hay!",2024-07-31T15:27:00
Hồ Ngọc Hà nhận kỷ lục Việt Nam,2024-07-31T13:00:00
Clip: Minh Hằng chăm chú ngồi nghe Hồ Ngọc Hà tâm sự ở sự kiện?,2024-07-31T00:00:00
"Mới 4 tuổi, con trai của Hồ Ngọc Hà đã được mẹ rèn cho thói quen đáng quý này",2024-07-26T10:04:00
Hồ Ngọc Hà ra sao sau khi lập gia đình với Kim Lý?,2024-07-22T16:06:00
Một nữ nghệ sĩ từng ngồi ghế Giám khảo với Hồ Ngọc Hà bày tỏ quan điểm giữa bão drama Hoàng Thuỳ và Miss Universe Vietnam,2024-07-17T16:04:00
"Thanh Hằng - Hồ Ngọc Hà: ""Chị chị em em"" bị tố cùng một chuyện",2024-07-16T22:51:06
"Hồ Ngọc Hà, Vũ Cát Tường hát mừng sinh nhật POCPOC GARDEN",2024-07-15T17:30:00
"Phim ngôn tình đời đầu bị chê nhiều nhất: Nhan sắc Hồ Ngọc Hà gây chấn động, riêng sao nữ này thú nhận bị gạ gẫm",2024-07-13T09:25:28
"Soi khoảnh khắc Minh Đạt và chồng Hồ Ngọc Hà chung khung hình: Đứng cạnh người mẫu, thiếu gia có lép vế?",2024-07-05T07:14:00
"Hồ Ngọc Hà đưa 3 nhóc tỳ nghỉ hè ở Pháp, bức ảnh Subeo và Kim Lý thành tâm điểm vì chi tiết này",2024-07-04T09:31:00
"Thử ""độ"" lông mày giống cách Hồ Ngọc Hà làm, nữ TikToker dở khóc dở cười phải khắc phục vội",2024-07-02T13:36:00
Hồ Ngọc Hà mặc táo bạo trong đêm nhạc cho sinh viên,2024-07-01T15:15:00
"Bóc sắc vóc ""mẹ 3 con"" Hồ Ngọc Hà: Múi bụng nhấp nhô, visual thách thức camera thường",2024-07-01T14:06:07
"""Cậu ấm cô chiêu"" nhà Hồ Ngọc Hà: Học trường quốc tế gần 700 triệu, tiếng Anh ""như gió"" từ bé",2024-06-29T10:53:00
"Hồ Ngọc Hà - Kim Lý kỷ niệm 7 năm cứ ngỡ cầu hôn lần nữa, gọi nhau bằng danh xưng đặc biệt",2024-06-27T21:48:08
"Con gái Hồ Ngọc Hà tặng đồ chơi cho các bạn khó khăn, cô bé nói gì với mẹ mà netizen xuýt xoa khen ""đẹp người đẹp nết""?",2024-06-27T20:33:54
"Con trai Hồ Ngọc Hà và Cường Đô la: ""Ngậm thìa vàng"" từ nhỏ, trổ mã như tài tử",2024-06-26T09:53:00
"Thích diện váy đi du lịch, chị em hãy tham khảo phong cách của Hồ Ngọc Hà",2024-06-24T18:30:00
Hồ Ngọc Hà và Phạm Thanh Hằng gợi ý 5 mẫu giày cần có trong tủ đồ của phụ nữ trên 40 tuổi,2024-06-20T06:29:32
"Nữ sinh đóng phim VTV, nhan sắc từng lấn át cả Hồ Ngọc Hà sau hơn 20 năm: Cuộc sống nhiều thăng trầm nhưng giờ có kết viên mãn",2024-06-19T22:37:00
Thanh Hằng có phản ứng khác biệt với Hồ Ngọc Hà khi vướng tin đồn trục trặc vì mất hợp đồng quảng cáo,2024-06-19T14:28:00
"Hồ Ngọc Hà diện bikini: Mê cách mẹ 3 con ""flex"" body cực phẩm nóng hơn cả nắng hè",2024-06-19T10:00:00
"Hồ Ngọc Hà từng rất thân với một sao nữ đình đám nhưng bỗng cạch mặt, ngồi chung bàn mà ngó lơ như người dưng",2024-06-19T09:01:16
Netizen tranh cãi tin đồn Thanh Hằng mất hợp đồng quảng cáo vào tay Hồ Ngọc Hà,2024-06-18T18:02:00
"Hồ Ngọc Hà gây sốt với bộ ảnh cực cháy, phô diễn body nóng bỏng",2024-06-11T17:01:10
"Clip mới nhất của Leon nhà Hồ Ngọc Hà gây ngỡ ngàng: Cậu nhóc có trí nhớ đỉnh quá, nhiều người lớn thậm chí còn thua xa!",2024-06-07T06:09:00
"Khoe làm bữa sáng healthy cho Leon, Lisa nhưng bị chê ""quá ngán, bún bò mới đủ chất"", Hồ Ngọc Hà đáp trả thuyết phục",2024-06-03T08:03:08
"Kim Lý tự hào khoe khả năng bơi lội của con trai, Hồ Ngọc Hà phấn khởi liên tục hò reo",2024-05-29T21:32:00
"Hồ Ngọc Hà, Thư Kỳ, Mai Davika đeo trang sức hàng triệu đô nhân dịp Bvlgari ra mắt bộ sưu tập Aeterna",2024-05-25T18:30:00
"Đại nhạc hội có Mỹ Linh, Hồ Ngọc Hà cùng nhiều nghệ sĩ khác trình diễn bị hủy trước giờ diễn 2 tiếng, lí do là gì?",2024-05-24T21:06:00
"Thư Kỳ gây sốt vì khoảnh khắc ""đọ dáng"" cùng Hồ Ngọc Hà: Nhan sắc thần tiên ít ai bì kịp vì nhiều năm ăn tối theo 1 nguyên tắc",2024-05-24T06:30:23
"Hồ Ngọc Hà nhận xét nhan sắc Thư Kỳ ngoài đời, tiết lộ tính cách thật của siêu sao hàng đầu Cbiz",2024-05-24T00:04:00
"Ảnh nét căng càng nịnh visual Hồ Ngọc Hà: Sang gì mà sang thế, đứng cạnh Thư Kỳ & Mai Davika mà không chìm tí nào!",2024-05-23T10:43:00
"""Cam thường"" bắt cận visual nét căng Hồ Ngọc Hà bên Thư Kỳ, hành động với Mai Davika gây bàn tán",2024-05-23T10:27:00
"""Chìa khóa"" mặc đẹp ở tuổi 40 của Hồ Ngọc Hà chính là trang phục màu trắng",2024-05-22T05:30:00
"Gia đình Hồ Ngọc Hà vi vu trời Âu, cặp song sinh đáng yêu rộn ràng chiếm sóng",2024-05-21T00:01:32
